[{"Associate":null,"UserRole":null,"Id":"c8c3f3db-1dc4-4eb6-a06d-0079dc81086b","AssociateId":"5a59e37f-d8d2-4c09-8398-3e34c3f6ca1d","UserRoleId":"a7c3edcb-0f39-47b8-a7c1-8a6b67209482"},{"Associate":null,"UserRole":null,"Id":"96f392dd-5f88-4f5a-a375-02cf476cd4b7","AssociateId":"63ba0355-5e84-4346-89fe-96372ece4163","UserRoleId":"a7c3edcb-0f39-47b8-a7c1-8a6b67209482"},{"Associate":null,"UserRole":null,"Id":"aae5ecfb-5e96-48fe-83b3-04087c5bf9a8","AssociateId":"07cf0b31-d071-4b5c-94b6-6306b162c84b","UserRoleId":"a7c3edcb-0f39-47b8-a7c1-8a6b67209482"},{"Associate":null,"UserRole":null,"Id":"a028d979-c02b-4e5d-b0dd-04bfad722bf3","AssociateId":"c9548c24-cee3-4db6-acbc-e581a441d45a","UserRoleId":"a7c3edcb-0f39-47b8-a7c1-8a6b67209482"},{"Associate":null,"UserRole":null,"Id":"f4e5aac3-1fa5-47b7-a6a2-09cef037aaa6","AssociateId":"663a7b39-f719-4d52-b8d6-1b8a2f5738b3","UserRoleId":"a7c3edcb-0f39-47b8-a7c1-8a6b67209482"},{"Associate":null,"UserRole":null,"Id":"dba7ad5f-2796-41a3-adbf-0bead1890255","AssociateId":"5ac4b55a-946f-4ee7-a06a-1b05015a7949","UserRoleId":"a7c3edcb-0f39-47b8-a7c1-8a6b67209482"},{"Associate":null,"UserRole":null,"Id":"9c4c581c-2805-4251-addc-0f445a7767d6","AssociateId":"126e6981-394a-47ac-a1d8-349786428090","UserRoleId":"a7c3edcb-0f39-47b8-a7c1-8a6b67209482"},{"Associate":null,"UserRole":null,"Id":"0826e802-dcb5-4276-8416-141284ab1bec","AssociateId":"c92bf9dd-d1f0-4374-8c9b-128fd3ddff0b","UserRoleId":"a7c3edcb-0f39-47b8-a7c1-8a6b67209482"},{"Associate":null,"UserRole":null,"Id":"148f88f2-b4d9-4782-a612-20230dbde91d","AssociateId":"a21e4e09-2bb4-4724-b0f2-543ea9b28ee4","UserRoleId":"a7c3edcb-0f39-47b8-a7c1-8a6b67209482"},{"Associate":null,"UserRole":null,"Id":"c7a63dfc-bfd4-487d-9786-20c2dac45d80","AssociateId":"8f51914e-2428-4093-9ece-44b0983c4164","UserRoleId":"a7c3edcb-0f39-47b8-a7c1-8a6b67209482"},{"Associate":null,"UserRole":null,"Id":"fda3ae9b-ab22-49de-bfd0-2412b86b4afc","AssociateId":"9e666d0c-a9b1-481f-8d41-edc1f4e63fcd","UserRoleId":"a7c3edcb-0f39-47b8-a7c1-8a6b67209482"},{"Associate":null,"UserRole":null,"Id":"9fcd07dd-b262-4744-be39-28867278b5e0","AssociateId":"5c0b21be-30d7-4beb-8d55-ad9cd771ebd2","UserRoleId":"a7c3edcb-0f39-47b8-a7c1-8a6b67209482"},{"Associate":null,"UserRole":null,"Id":"58c359c6-da98-48b3-a28c-2ab143dae9cd","AssociateId":"e9137b95-8464-4c96-9f1c-854350952681","UserRoleId":"a7c3edcb-0f39-47b8-a7c1-8a6b67209481"},{"Associate":null,"UserRole":null,"Id":"9a04b5b4-0162-4c31-962d-2b07e41fe8f7","AssociateId":"ca52706b-5e4d-47b6-bcb7-b6431e99b217","UserRoleId":"a7c3edcb-0f39-47b8-a7c1-8a6b67209482"},{"Associate":null,"UserRole":null,"Id":"f548e289-419b-452c-8882-2f633910dff8","AssociateId":"5c7f1565-9eb1-41f8-8680-e1be6e78da5b","UserRoleId":"a7c3edcb-0f39-47b8-a7c1-8a6b67209482"},{"Associate":null,"UserRole":null,"Id":"2bb184b7-fcf4-434b-8236-31d7d9f06d1b","AssociateId":"0327f343-01a1-429e-80b6-900f533c1f07","UserRoleId":"a7c3edcb-0f39-47b8-a7c1-8a6b67209482"},{"Associate":null,"UserRole":null,"Id":"d4b7defb-5163-45a2-9116-3854f649c833","AssociateId":"a9a88a32-f491-417d-a54e-5c355a45207f","UserRoleId":"a7c3edcb-0f39-47b8-a7c1-8a6b67209482"},{"Associate":null,"UserRole":null,"Id":"bc7f88af-c4e3-4225-aa3b-40f302759900","AssociateId":"d98af6a3-eb0e-4027-a411-3a7c27f096c7","UserRoleId":"a7c3edcb-0f39-47b8-a7c1-8a6b67209482"},{"Associate":null,"UserRole":null,"Id":"5a791048-35c6-4417-b5f8-493332d39357","AssociateId":"12f57eda-d3a5-4c2d-ad5e-15958f9c5ecd","UserRoleId":"a7c3edcb-0f39-47b8-a7c1-8a6b67209482"},{"Associate":null,"UserRole":null,"Id":"27f8f241-20c7-4e9f-a563-4a6c92297d0d","AssociateId":"041efbd5-487d-4877-8de7-cf2e63b0cc05","UserRoleId":"a7c3edcb-0f39-47b8-a7c1-8a6b67209482"},{"Associate":null,"UserRole":null,"Id":"b96aecdf-77e6-430b-8efd-4bdfa90ac01f","AssociateId":"eab01d11-6f79-49d4-b75f-33862320b15c","UserRoleId":"a7c3edcb-0f39-47b8-a7c1-8a6b67209482"},{"Associate":null,"UserRole":null,"Id":"200f7e21-d865-4b84-98ae-4d1db3eb8ecc","AssociateId":"d7f7fac9-37d6-4055-b01c-3b2703fcc51c","UserRoleId":"a7c3edcb-0f39-47b8-a7c1-8a6b67209482"},{"Associate":null,"UserRole":null,"Id":"936bed2d-d354-43f4-afa6-501031044321","AssociateId":"cefd981d-9203-4c07-9dec-788e05e51875","UserRoleId":"a7c3edcb-0f39-47b8-a7c1-8a6b67209482"},{"Associate":null,"UserRole":null,"Id":"1dc2c78e-5661-4e8d-8fa9-51ce1c28e46d","AssociateId":"23fa02d2-1960-4615-99e0-5d2930295602","UserRoleId":"a7c3edcb-0f39-47b8-a7c1-8a6b67209482"},{"Associate":null,"UserRole":null,"Id":"7c9daea5-3f7f-411f-9a2e-53feb06a4cc4","AssociateId":"46280bd7-61c9-44ab-a6f2-78b21d6397ea","UserRoleId":"a7c3edcb-0f39-47b8-a7c1-8a6b67209482"},{"Associate":null,"UserRole":null,"Id":"147264c0-a503-456b-a56e-5401edee4231","AssociateId":"92c199c2-6a19-4a49-809a-41d399b9759e","UserRoleId":"a7c3edcb-0f39-47b8-a7c1-8a6b67209482"},{"Associate":null,"UserRole":null,"Id":"7e917f09-3ffd-4537-9b3a-59ce988e49a6","AssociateId":"4438a402-b86c-4997-bc92-0ef883b68092","UserRoleId":"a7c3edcb-0f39-47b8-a7c1-8a6b67209482"},{"Associate":null,"UserRole":null,"Id":"17ab5e28-e75a-4805-a98f-5a3fa4ea6449","AssociateId":"e4878ba7-b61b-4f9c-ab09-ac8ec9b99ee9","UserRoleId":"a7c3edcb-0f39-47b8-a7c1-8a6b67209482"},{"Associate":null,"UserRole":null,"Id":"60dd56ba-2ce0-451e-b1ef-604e087cfae6","AssociateId":"3cf03124-e2d0-4a18-b048-78bbb69bc7a0","UserRoleId":"a7c3edcb-0f39-47b8-a7c1-8a6b67209482"},{"Associate":null,"UserRole":null,"Id":"33990c9c-89b4-404d-82da-60ef5dbacdd8","AssociateId":"eea13711-9636-4f4c-a911-97ac86248f62","UserRoleId":"a7c3edcb-0f39-47b8-a7c1-8a6b67209482"},{"Associate":null,"UserRole":null,"Id":"f0a7a4f5-3eb5-4905-898f-6926d0e62afb","AssociateId":"10a3e594-9d7a-4ec8-adb9-e5ab3c964432","UserRoleId":"a7c3edcb-0f39-47b8-a7c1-8a6b67209482"},{"Associate":null,"UserRole":null,"Id":"59eb2622-770b-40d2-baa3-717813962225","AssociateId":"e2d2bee3-29df-4e8d-bbc4-f40f44ae5b22","UserRoleId":"a7c3edcb-0f39-47b8-a7c1-8a6b67209482"},{"Associate":null,"UserRole":null,"Id":"d38b48d9-6815-4f39-b167-7212ddabc3f7","AssociateId":"7e655cda-44b4-4f4f-8417-c0d1eb95e29f","UserRoleId":"a7c3edcb-0f39-47b8-a7c1-8a6b67209482"},{"Associate":null,"UserRole":null,"Id":"4250b223-53b0-44c5-bdb1-73f81e944474","AssociateId":"b8cd6830-d4cf-409a-9dde-a95c5371ae8d","UserRoleId":"a7c3edcb-0f39-47b8-a7c1-8a6b67209482"},{"Associate":null,"UserRole":null,"Id":"b171bd36-5c40-4f30-a827-770346d6a780","AssociateId":"02b9cfde-52be-475f-b7ac-33149b47b8c8","UserRoleId":"a7c3edcb-0f39-47b8-a7c1-8a6b67209482"},{"Associate":null,"UserRole":null,"Id":"ead99196-8071-487f-9cf6-7864cea91b29","AssociateId":"05d12168-65fe-4f04-8ae6-af7a8a1979b8","UserRoleId":"a7c3edcb-0f39-47b8-a7c1-8a6b67209482"},{"Associate":null,"UserRole":null,"Id":"9e5893ab-3d50-4aed-a27e-7942c5ab085f","AssociateId":"081f7b53-2a3b-4b2f-b562-4e3db22fb357","UserRoleId":"a7c3edcb-0f39-47b8-a7c1-8a6b67209482"},{"Associate":null,"UserRole":null,"Id":"80437233-0354-430d-8909-7abf3a546afb","AssociateId":"b2489b52-71bf-4ae0-bee3-1ba10861861e","UserRoleId":"a7c3edcb-0f39-47b8-a7c1-8a6b67209482"},{"Associate":null,"UserRole":null,"Id":"7eb5d440-adc6-43ed-ad6b-7c018d3c5ea0","AssociateId":"63b01b56-d614-44c6-9467-c7ad3d162925","UserRoleId":"a7c3edcb-0f39-47b8-a7c1-8a6b67209482"},{"Associate":null,"UserRole":null,"Id":"f4a2e10f-071a-41e9-8ba7-7e4997d59a57","AssociateId":"d858cf61-756b-431e-8c83-0dd8334735c2","UserRoleId":"a7c3edcb-0f39-47b8-a7c1-8a6b67209482"},{"Associate":null,"UserRole":null,"Id":"0269c90a-9e83-4e0f-beb8-847ef6bc11ae","AssociateId":"4b62e31b-e5d8-44ae-ba6c-23ea493aa2eb","UserRoleId":"a7c3edcb-0f39-47b8-a7c1-8a6b67209482"},{"Associate":null,"UserRole":null,"Id":"edd2f863-507a-46e7-8ffd-86de7c20fd52","AssociateId":"b4344387-c808-4a5d-b55d-e11b38ce4aab","UserRoleId":"a7c3edcb-0f39-47b8-a7c1-8a6b67209482"},{"Associate":null,"UserRole":null,"Id":"5a639b23-7f83-42ee-bbd9-8b3bd6d550b2","AssociateId":"60831a73-2935-4343-a81f-08d618170c59","UserRoleId":"a7c3edcb-0f39-47b8-a7c1-8a6b67209482"},{"Associate":null,"UserRole":null,"Id":"19e8902d-c51b-4829-b822-9f29919fa96c","AssociateId":"f31f24a9-7581-4524-b1b3-fb4189cea9e6","UserRoleId":"a7c3edcb-0f39-47b8-a7c1-8a6b67209482"},{"Associate":null,"UserRole":null,"Id":"4b89a535-f759-454b-a05c-a3a22b1dee9e","AssociateId":"72dcb037-277c-49d1-85e6-bdf1e5241de4","UserRoleId":"a7c3edcb-0f39-47b8-a7c1-8a6b67209482"},{"Associate":null,"UserRole":null,"Id":"993f3d8f-3f7a-4699-8f3f-a7fc2a43d9ee","AssociateId":"7c7e6301-f707-4084-b206-0842e735c4ea","UserRoleId":"a7c3edcb-0f39-47b8-a7c1-8a6b67209482"},{"Associate":null,"UserRole":null,"Id":"1070e6e6-ceae-4cfe-9486-a885c420aec0","AssociateId":"1f157eee-c029-446e-b70c-990a3504e59b","UserRoleId":"a7c3edcb-0f39-47b8-a7c1-8a6b67209482"},{"Associate":null,"UserRole":null,"Id":"4d727241-85e8-4a08-bc96-ab371cee93a5","AssociateId":"fe45d577-1e09-4c49-ac8b-91c40d3604b1","UserRoleId":"a7c3edcb-0f39-47b8-a7c1-8a6b67209482"},{"Associate":null,"UserRole":null,"Id":"975d5510-70d3-4272-94c5-b41e31f1d9db","AssociateId":"3e53416c-a74b-4e07-b68a-f6702eba100b","UserRoleId":"a7c3edcb-0f39-47b8-a7c1-8a6b67209482"},{"Associate":null,"UserRole":null,"Id":"d1b7ee9f-bfce-4b1e-91d2-b68b68f70175","AssociateId":"6942d796-f9e7-4633-9835-1b0a5ae60ed6","UserRoleId":"a7c3edcb-0f39-47b8-a7c1-8a6b67209482"},{"Associate":null,"UserRole":null,"Id":"e5136967-1e40-44f1-85af-b88ffa666b2d","AssociateId":"8f1f846c-aa6c-4d23-94b4-dc6f53b91738","UserRoleId":"a7c3edcb-0f39-47b8-a7c1-8a6b67209482"},{"Associate":null,"UserRole":null,"Id":"3c04df23-0b19-4034-b0fa-bb51484c23b6","AssociateId":"46f96919-4b97-477c-b482-adb5f2a848e9","UserRoleId":"a7c3edcb-0f39-47b8-a7c1-8a6b67209482"},{"Associate":null,"UserRole":null,"Id":"312ff0fb-f068-45bc-8146-bc5fed0bcfd6","AssociateId":"8a4edee4-9b82-4fe0-adb0-5a3a229b5191","UserRoleId":"a7c3edcb-0f39-47b8-a7c1-8a6b67209482"},{"Associate":null,"UserRole":null,"Id":"ffc3e21b-d409-4ae5-be96-be4e00e91cdb","AssociateId":"eee2c044-6daa-41c0-9eec-651f7dba0b3f","UserRoleId":"a7c3edcb-0f39-47b8-a7c1-8a6b67209482"},{"Associate":null,"UserRole":null,"Id":"c08af500-9eda-4e00-9b36-c16cdb2cb5d1","AssociateId":"4c32a4ec-c5c7-449a-82c5-fb548a6ba338","UserRoleId":"a7c3edcb-0f39-47b8-a7c1-8a6b67209482"},{"Associate":null,"UserRole":null,"Id":"204d81d7-dad7-405d-a5f2-d092413fdf64","AssociateId":"c8f1d47a-17c2-4bdd-8820-59e29ab9b267","UserRoleId":"a7c3edcb-0f39-47b8-a7c1-8a6b67209482"},{"Associate":null,"UserRole":null,"Id":"f6fc3a2f-4b6a-440f-812e-dd31f8d86248","AssociateId":"39ee5b87-837c-4f70-9f59-359afe3490a2","UserRoleId":"a7c3edcb-0f39-47b8-a7c1-8a6b67209482"},{"Associate":null,"UserRole":null,"Id":"88f3f907-a728-4e54-9353-e536ff65e412","AssociateId":"14c62698-5373-4ecb-8d23-995e4b98874b","UserRoleId":"a7c3edcb-0f39-47b8-a7c1-8a6b67209482"},{"Associate":null,"UserRole":null,"Id":"7bd39d94-33b3-47cd-8e90-e55a11c04b4e","AssociateId":"defc89c1-a1b8-4dcb-b55d-bd5613987bd1","UserRoleId":"a7c3edcb-0f39-47b8-a7c1-8a6b67209482"},{"Associate":null,"UserRole":null,"Id":"7bbff844-5921-402a-b528-e62c5e175b9b","AssociateId":"89819110-e74f-4e9a-b8b2-4a03a8712408","UserRoleId":"a7c3edcb-0f39-47b8-a7c1-8a6b67209482"},{"Associate":null,"UserRole":null,"Id":"677f8eda-128b-4001-a2ff-e90559e34264","AssociateId":"bbe9d74e-00b0-4230-adf3-2a3bff2c1bc5","UserRoleId":"a7c3edcb-0f39-47b8-a7c1-8a6b67209482"},{"Associate":null,"UserRole":null,"Id":"21c982e9-889d-4b87-9e1e-e958491f4b08","AssociateId":"9b207652-a0b2-42e2-b511-b87f98456ccc","UserRoleId":"a7c3edcb-0f39-47b8-a7c1-8a6b67209482"},{"Associate":null,"UserRole":null,"Id":"86ae2802-eb8f-4a43-976b-e97dbb4a9ea4","AssociateId":"8a56e534-7ec6-4950-9ebb-0391692bd95b","UserRoleId":"a7c3edcb-0f39-47b8-a7c1-8a6b67209482"},{"Associate":null,"UserRole":null,"Id":"fe13e400-3f07-4015-932b-ed08ab066d4e","AssociateId":"33e0dfab-3e41-4cb6-af26-1a6ea30bbb90","UserRoleId":"a7c3edcb-0f39-47b8-a7c1-8a6b67209482"},{"Associate":null,"UserRole":null,"Id":"25ed5254-d8cf-4d7e-991b-edff3426639b","AssociateId":"5bfd6bcc-18a4-4abb-9375-b495354e1fdc","UserRoleId":"a7c3edcb-0f39-47b8-a7c1-8a6b67209482"},{"Associate":null,"UserRole":null,"Id":"1099c837-c2d2-405b-be72-ee2c2144f5dc","AssociateId":"447427c8-c18c-4cb1-a76e-9807e9e02237","UserRoleId":"a7c3edcb-0f39-47b8-a7c1-8a6b67209482"},{"Associate":null,"UserRole":null,"Id":"0094f270-c3fc-44d5-887e-fc6b61d721ec","AssociateId":"9db7b3db-b3c8-4402-a9d4-4630980c811e","UserRoleId":"a7c3edcb-0f39-47b8-a7c1-8a6b67209482"}]